id	title	duration_seconds
-3IMPO-Rh2U	Joe's Adventures - Mafia 2 PC Game DLC - 21. A Lesson in Manners HD.wmv	222.0
-578360gWlk	Joe's Adventures - Mafia 2 PC game DLC - 13. Limo Movin' HD	587.0
-J4RZ_pBN3k	1988 Royal Nissan Baton Rouge Retro TV Commercial Ad	30.0
-JRSGCs6NCQ	1987 Diet Coke Penguins Retro TV Commercial Ad	31.0
-KKmkwHapSw	Program Launchpad MSP430 like an Arduino with Energia	475.0
-X9XPg_0Ooo	1987 Dickies Work Clothes Retro TV Commercial Ad	31.0
-jbss00lXIk	Cam Newton is so great that...	157.0
-m-BI9ONGUY	1987 US Armed Forces Diner Retro TV Commercial Ad	31.0
-uItkNa2mEk	Jimmy's Vendetta - Mafia 2 PC Game DLC - 17. I Got the Stones HD.wmv	443.0
-zbemSjGiyg	1988 Jackie Joyner Kersee 7 Up Retro TV Commercial Ad	61.0
00ra97KjYDs	Turtle Talk with Crush at EPCOT	691.0
0BfdXFP0260	How to build an Arduino robot - code for 4 HC-SR04 ultrasonic sensors	952.0
0HkcPfhNoNg	1987 Purolator Oil Filter Retro TV Commercial Ad	31.0
0I3DoP-P9XY	Century Wings SR 71 Blackbird Model Airplane	230.0
0LwL2Vwf2qY	Spin Master Legendary Yoda Interactive Star Wars Figure Demo	112.0
0SK5uP6OBqo	Popup camper setup - Rockwood - at Lake Fausse Point State Park campground	335.0
0_qxQSONfuQ	1987 Milky Way Candy Bar Retro TV Commercial Ad	30.0
0f2GRGhodkM	1988 Dick Van Patten Jiffy Lube TV Commercial Ad	31.0
0iCxsPhtKhI	Joe's Adventures - Mafia 2 PC Game - DLC - 8. The Witness HD.wmv	253.0
0nalibgno5s	No Limit Holdem - 4 table micro stakes at Poker Stars 3/5	591.0
0pEChX9ZwuQ	1987 Campbells Home Cookin Soup Retro TV Commercial Ad	16.0
0sV1v5oQ0B8	1987 Thrifty Car Rental featuring Rich Little Retro TV Commercial Ad	30.0
18h4U-0O_iM	Ed Wusthoff Solingen Germany Rare Folding Hunting Knife Demo	128.0
1Fq20eS8uZ0	1987 Audubon Ford Baton Rouge Retro TV Commercial	32.0
1NOCKQzvJTA	$1450 Eco Pro 2 vs. badly scratched disc	310.0
1SdAAexN3fk	Hallmark Birthday Sound Button Demo - Happy Birthday Novelty Gift	34.0
1Ut6kL7zrrM	1987 McDonalds "Into the Night" Retro TV Commercial Ad	31.0
1YfybUWoc_8	Elenco snap circuits pro 500	233.0
1aAmBTiRRv8	1987 Kodak VR35 Camera Retro TV Commercial Ad	31.0
1gfKEiWJ0LQ	Joe's Adventures Mafia 2 PC Game DLC 29 Bet on That HD	406.0
1njU7erMZyM	1987 BMW 325i Retro TV Commercial	31.0
1sxiE-Dj6j4	1987 Tender Chops Dog Food Retro TV Commercial Ad	30.0
1wdkBnoIXDM	Joe's Adventures - Mafia 2 DLC - 28. Supermarket HD	575.0
1z4exhTmcvk	1987 Pitney Bowes Full Duplex Copier Retro TV Commercial Ad	16.0
20iIdu7WotE	2005 Batman Begins Electronic Tumbler Batmobile Vehicle Demo	40.0
2FvrFc6-e2g	1987 Ocean Spray Pink Grapefruit Juice Cocktail Retro TV Commercial Ad	16.0
2GrusONJVD0	Mafia 2 Jimmy's Vendetta - 4. Shubert Pickup Theft HD	156.0
2ZNjnNqj964	Jimmy's Vendetta - Mafia 2 PC Game DLC - 18. Pass the Potcheen HD.wmv	429.0
2fXu8Bg-3C4	Mr. Christmas Musical Bell Symphonium Music Box Demo with 10 Discs	263.0
2kbRCyDxYe0	Dragon I toys Blue Dragon demo	53.0
2myUL_gG4lw	Steelpix Model 35g Profession Floral Stemming Machine -how to load picks and use machine	43.0
2nLciCYVlcg	1987 Magical Murphy Motorized Rolling Gorilla Vintage Toy Demo	83.0
2sAyqJ4NRzk	1987 Surf Laundry Detergent Retro TV Commercial Ad	31.0
2tGTjfazJxU	Mr Christmas Musical Bell Symposium music box w 10 discs	263.0
2uI4SOKoT08	How to make sure your camera is level for macro photography	51.0
31sQwCAS1D0	1990s Brother Correctronic 360 Electronic Typewriter — One-Button Word Erase	79.0
36lO_bmW4CA	1987 Volvo 740 Turbo Retro TV Commercial Ad	31.0
38BGEXbBJME	Motorola Droid X2 glass screen and digitizer repair - removing the broken screen	775.0
39vh7wF9qns	1987 Isotoner Pantyhose Retro TV Commercial Ad	31.0
3Gm8cvjKECQ	1987 Levis Hyundai Baton Rouge Retro TV Commercial Ad	31.0
3H7jvSos4RM	DC Comics Bombshells Trading Cards Lot - Cryptozoic Walkthrough	207.0
3Ii2wSJv9FU	1988 King Kong Transamerica Retro TV Commercial Ad	31.0
3KnJW4UGNYI	Saks Fifth Avenue Washington D.C. Souvenir Snow Globe Demo	53.0
3M9TF98VYg4	Team Associated RC10 Vintage RC Car Demo - Iconic 1984 Off-Road Buggy	273.0
3bgP9MWmLtU	Ambank 1987 Retro TV Commercial	31.0
3ci4obC1FtA	Microphone quality comparison test - Audio Technica 2100 vs Blue Snowflake vs Logitech C270 Webcam	372.0
3dRoHNTfIt8	$6 Bluetooth receiver - PT-810 review and demo with iPhone and stereo receiver	371.0
3e_kvX7sIGM	1987 Heather Thomas New Generation Baton Rouge Retro TV Commercial Ad	30.0
3fPWVY1tXfU	1987 "For A Man To Wear and A Woman To Borrow" Van Heusen Retro TV Commercial Ad	16.0
3hPukcl8fMk	Royal 1930 Portable Manual Typewriter Demo	435.0
4Irn8Jjxqbk	1987 Polaroid Instant Camera Football Retro TV Commercial Ad	15.0
4JleY7yCdFY	Saks Fifth Avenue Miami Florida Souvenir Snow Globe Demo	55.0
4N4WTJNywfI	1987 Jules Madere Jewelers Baton Rouge Retro TV Commercial	30.0
4XYrK3-abEI	Mr. Christmas Animated Musical Player Piano Demo	62.0
4_NlwwsO4fA	1987 Goudchauxs Maison Blache Baton Rouge Retro TV Commercial Ad	31.0
4eeStpL2Tj4	1987 Ore-Ida Microwave French Fries Retro TV Commercial Ad	16.0
4qU_Cl0H-es	Spirit of St. Louis Seeburg-Style Mini Jukebox AM/FM Radio Demo	88.0
4tOAwJ8Rn9c	How to fix the Arduino Uno Serial Port Problem on Apple Mac Macbook Air	337.0
4trEBcsh4hY	1987 Michelob Light Light Up The Night Retro TV Commercial Ad	31.0
51M14SJxDos	Nintendo 3DS XL Handheld Console Demo - Power On & Walkthrough	102.0
58qj3-4G6A4	Arduino robot - Soldering hookup wires to the motors on the Tamiya twin motor gearbox	129.0
59yKw2q742c	Dragon-I Toys Blue Dragon Figure Demo - Collectible Dragon Toy	53.0
5FofWsRV470	1987 Michelob Beer MLB Baseball Retro TV Commercial Ad	31.0
5H2KpBWMyUk	Arduino Lite Brite Clock Build — Soldering the LED Cathode Rows	1241.0
5M8CppUg8js	How to build an Arduino Lite Brite Clock - Parts needed	415.0
5PmjZmCqKtA	Funny dancing guy during contest at Marquette - LSU basketball game	51.0
5X3M2GsXTc0	1987 Ragu Pasta Meals Retro TV Commercial Ad	16.0
5Xgine4N7NM	Larry King interviews Miss South Carolina	63.0
5cDK7REkzAw	Sumo.mp4	56.0
5g8IdDNKiYQ	1987 IBM PC Retro TV Commercial	31.0
5iWGrYklgxw	First Arduino project - modified Hello World with 3 LED's	589.0
5kgv9SC6Qjg	How to use RGB LED's with the Arduino	923.0
5mXA9G3Lw5A	1988 AT&T "The Right Choice" Retro TV Commercial Ad	31.0
5vF7VIrDy1c	1987 Kleinpeter Dairy Baton Rouge "The Taste You Remember" Retro TV Commercial Ad	31.0
5vpL7xbSmZ0	How to build an Arduino Lite Brite Clock - Preliminary testing and programming	358.0
5xLTvYlupqQ	Jimmy's Vendetta Mafia 2 PC Game DLC 16 Sound and Furry HD	257.0
5yRpJ_RxPw0	1987 Milk "America's Health Kick" Retro TV Commercial Ad	31.0
6-H3jKIpG9E	1987 VISA Credit Card Castle Retro TV Commercial Ad	31.0
6COgiIO3pqo	Speech Recognition training for Microsoft Windows 7	286.0
6PU-NqFoNR8	1987 Rockwell International Retro TV Commercial Ad	31.0
6RuV27gdC1o	Mafia 2 Jimmy's Vendetta - 6. Trash Trailer HD	267.0
6YB01_rkxgM	Green gameboy pocket	126.0
6rsjjsUJIPE	The US Senate has a Secret Subway System. I rode it.	67.0
6ywFIZZM5SA	I bought an Elm Eco Pro 2 Key Card Hack	375.0
7HAjbPnvKts	6 Deer come to our back porch on Mount Nebo	38.0
7Ks8rUoBYhY	1987 Max Headroom Promo Clip Retro TV Commercial Ad	30.0
7MVTOCy_Na0	Waterfall on the Gum Springs Trail at Mt Nebo State Park - Arkansas	107.0
7ZLS7GJe37A	1987 Magnavox Television Retro TV Commercial Ad	31.0
7a2YzHNvqKw	No Limit Holdem - 4 table micro stakes at Poker Stars 5/5	622.0
7gkdnDBt9J8	Saved by the Babe - Geocache - GCM828 - *SPOILER* Petit Jean State Park, Arkansas	190.0
7nve0YGdW_k	1987 Yellow Pages That Talk Retro TV Commercial Ad	31.0
7yGAbLp9LnM	How to use the .96" 128x64 OLED display with Arduino - connecting and installing libraries	695.0
80kiYIp4kWM	Dr. J and Larry Bird One on One - Commodore 64 gameplay	310.0
84FMwg7B2Oc	LSU NLU Basketball Highlights 11/12/10	296.0
854Bzrt2vNc	How to Make a Viral YouTube Video — Interview with ThriftMine's Ryan After His Hit	3299.0
89L8DOx5oYI	Oreck XL Pro 10-Quart Industrial Backpack Vacuum Cleaner Demo	136.0
8CqdiJXUakk	1987 Ford Mustang Convertible Retro TV Commercial Ad	31.0
8JP181IxgC0	Panasonic RX-FS450 boom box ghetto blaster jam box demo	174.0
8Jf4b3xPkXc	1987 Dutchboy Paint Retro TV Commercial Ad	31.0
8QfscJ6ahYc	Yamaha CR 2020 Vintage Stereo Receiver Demo	358.0
8R-f5A910AY	Joe's Adventures - Mafia 2 PC Game DLC - 16. Wheels of Evidence HD	250.0
8cAmWKxbmds	Action Biker (Commodore 64, 1985) Full Longplay — Beating a Childhood Classic 25 Years Later	2185.0
8iNlURiMVmU	1988 Preferred Risk "America's Non Drinkers Insurance Company" Retro TV Commercial Ad	31.0
8lnWRXLfRUo	1987 College Bowl VCR Football Game Jimmy Johnson Barry Switzer Retro TV Commercial Ad	30.0
8my99JRqTAA	Buy a Truck Get a Free Sony Watchman Retro TV Commercial Ad	31.0
8tskuIGcgJQ	1988 Ford Tempo Retro TV Commercial Ad	30.0
9FS9IWkL_go	8 tabling .01/.02 NL at PokerStars 2/4	836.0
9KdWdqKzVig	How to build an Arduino Lite Brite Clock - the demo	54.0
9RWybwU3I3U	1987 Litter Fresh Retro TV Commercial Ad	30.0
9VJ9WIDSYUo	1987 Halpin's Carpet Baton Rouge Retro TV Commercial Ad	30.0
9bK5C510yOk	1987 Vasoline Intensive Care Foam Bath Retro TV Commercial Ad	15.0
9db33Iv61cI	1987 Purolator Oil Filters Hot Rod Retro TV Commercial Ad	31.0
9ipBAtRkQZ0	1987 Great River Road Run IX Baton Rouge Retro TV Commercial Ad	31.0
9l4KKg_C8Hs	CFA Cat Show 2014 - Household pet judging- Baton Rouge	285.0
9lzFX03FG6U	Mafia 2 Jimmy's Vendetta DLC Gameplay - PC Walkthrough Part 2	4017.0
9mxyOpEHzoA	HP Touchsmart TX2 Swivel Screen Laptop - Parts Only EBAY Demo	111.0
9sFyUbv88JA	1987 688 Auto Parts Baton Rouge Retro TV Commercial Ad	31.0
A1sdnlsgJB4	Vintage Galaxy Gun 12 Space Toy with Sound Effects Demo	76.0
A4NwT94yrWs	Brother QL 710W Wireless WiFi Thermal Label Printer Demo	97.0
A93es3wbL7c	Power Rangers Saba the Talking Tiger Saber demo	79.0
AAGFnS2HiZ0	1987 Philadelphia Light Cream Cheese Retro TV Commercial Ad	16.0
AOKTdPjzCzU	1987 New York Life Retro TV Commercial Ad	46.0
AkIBsSr2e9M	Joe's Adventures - Mafia 2 PC Game DLC - 26. Bomb Under the Seat HD	132.0
AsyzTi29OOk	Mafia 2 Jimmy's Vendetta - 11. The Good Word HD	355.0
AwuW5-keJMQ	Star Trek TNG Romulan Warbird Light and Sound Attack Cruiser by Playmates 1993 demo	34.0
BCmhkOCaw0Q	Join me on my new You Tube channel - Garage Flips	63.0
BDA93HfsMwM	Sony Psyc CFD-E95 CD Radio Cassette Boombox Demo - Y2K Era Classic	64.0
BH_zgf6O6vk	Sony DCR TRV740 Video 8mm Camera demo	134.0
BIE89cz_kq0	1997 Stanley Tools Retro TV Commercial Ad	30.0
BJ93XCcD858	How to use a 1602 i2c Serial LCD Display with Arduino	307.0
BSLjkawE6QY	1987 New Generation Electronics Store Baton Rouge Retro TV Commercial Ad	30.0
BjKCRFVUciM	Diamond VC500ST Standalone VHS to digital converter review	423.0
BqBfjwjPJ9g	1998 Jurassic Park Chaos Effect T-Rex demo	66.0
BrO8rNcaNuY	1987 United Airlines "I Need a Vacation" Retro TV Commercial Ad	32.0
BsepLU5xlsc	Arduino - Play the Super Mario Bros Theme song and how to use Tone	403.0
Bt-FEkC2PnU	1988 Brian Bosworth Right Guard Retro TV Commercial Ad	30.0
BvBhG7YojaA	1987 Wendys Big Classic Retro TV Commercial Ad	31.0
By0WrmwKy2A	Sarge's Surplus Hut Light-up Playset Demo (Cars Precision Series)	103.0
CAQdRBQTIJQ	Jimmy's Vendetta - Mafia 2 PC Game DLC - 19. Berkley Kingfisher Theft HD	330.0
CF8myznTxWQ	1987 Lucky Dog Food Bulldog Retro TV Commercial Ad	31.0
CPkgIX9PIGc	Mafia 2 Jimmy's Vendetta DLC Gameplay - PC Walkthrough Part 1	3652.0
CUa89r5NhkU	Lake Catherine State Park - Hiking And Rowing	101.0
CUjfp9RAn44	Playing Q*Bert on Vintage 1983 Parker Brother Mini Arcade Game HD 1080p	199.0
CVMslXUygp0	Jimmy's Vendetta - Mafia 2 PC Game DLC - 14. Tanker Trouble HD	433.0
CW6vLuMgotg	1987 Dominos Pizza 30 Minute Guarantee Retro TV Commercial Ad	31.0
CcyTetyM0zM	Canoeing at Lake Fausse Point State Park Louisiana	348.0
CjYhiidhIk0	Frey Scientific Full Size Human Anatomy Torso Model	143.0
CpFlqZMrEPc	Disney World Road Trip 2012 — Louisiana to Orlando 12-Hour Family Drive + All-Star Music Resort Arri	1031.0
D4YZFaGLajk	Sony TRV340 8mm Handycam Camcorder demo	159.0
D9_hpqmQ2AY	Joe's Adventures - Mafia 2 PC Game- DLC - 4. The Witness HD	299.0
DGYEfYLy6g8	Stellaris Launchpad unboxing and Hello World blink RGB LED	795.0
DWm-ZZIQ1mk	1987 Discover Card Retro TV Commercial Ad	31.0
DYMPN_YgzSs	1987 "Gimme a Light, No a Bud Light" Retro TV Commercial Ad	31.0
DggLeRxL7I4	PokerStars Micro Stakes NLHE Cash + 70 FPP Satellite Session (5c/10c No Limit Hold'em, 2010)	2230.0
DhcZSvrEdjQ	1987 Brite Floor Cleaner Wax Retro TV Commercial Ad	16.0
Dl8gXII_Cx4	1987 McDonalds "Reflections" Retro TV Commercial Ad	61.0
DoC0tUXID2E	How to Fix Nintendo Wii Disc Read Errors — Optical Drive Replacement Tutorial	2333.0
DoLq7-MWgt0	1987 Oldsmobile Aerotech Concept Car Retro TV Commercial Ad	31.0
Doux6_gWlF0	1966 Donruss Marvel Super Heroes Complete 66-Card Set Walkthrough	347.0
Dt6mEEha4sU	How to use Rhyne Floral Pick Machine	90.0
Duhe_PyQ3Hs	Joe's Adventures - Mafia 2 PC Game DLC - 24 Stolen Goods HD	179.0
DwMo4gf3dFQ	Sony Psyc CD Radio Cassette Corder boom box CFD E95 demo	64.0
E-SleuNNWRA	1987 Acadia State Bank Baton Rouge Retro TV Commercial Ad	11.0
EE3bgABDheo	Lake Fausse Point State Park - still photos	32.0
EJqBrBqa27I	Enesco Deluxe Santa's Workshop demo	115.0
ESirmbedjQo	1987 US Sprint Long Distance Retro TV Commercial Ad	31.0
EjfhW7heHwo	1987 Aspercreme Retro TV Commercial Ad	16.0
Eju4Al8ztjw	Mafia 2 Jimmy's Vendetta 13. Shubert Hearse Theft HD	293.0
Ek-XjSY1_rM	1987 Salsbury Dodge City LSU Rodeo Baton Rouge Retro TV Commercial Ad	26.0
EkoqqjRYg8Y	Joe's Adventures- Mafia 2 PC Game DLC-15. Skunk in the Trunk HD.wmv	289.0
EpqxAw1-RYs	NES checkout for eBay	255.0
EqWxUT4o8kA	How to use a PIR SENSOR to detect motion	276.0
EtQq8AMrSbM	1987 The Bluffs on Thompson Creek (Before golf course) Retro TV Commercial Ad	31.0
F0KSzglp20o	How to Upgrade RAM Memory on 2019 iMac 27" Retina - FAST & EASY	323.0
F8urY2zC6mo	1987 Kelloggs Frosted Mini Wheats Retro TV Commercial Ad	31.0
FA5Zzx61LYU	How to whiten eyes in Photoshop CS5 - the easy way	485.0
FV1ztgLMiPo	2006 Hasbro Transformers Optimus Prime Voice-Changing Helmet (Hidden Battery Compartment)	45.0
FVkZhW8gj94	1987 Ernest and Julio Gallo Blush Chablis Retro TV Commercial Ad	30.0
FYWTEOgo9sA	Box of electronic components from Electronic Goldmine - unboxing	896.0
FZlln2m7SAI	.05/.10 NLHE #2	678.0
FcaLkuZBlec	Fixing a flat on the popup camper	196.0
FeEViCJzTRc	1988 Kendall Motor Oil Retro TV Commercial Ad	31.0
Fg7KGXic1DE	Fluke 87 multi meter - eBay demo	155.0
FkiY_rnWze0	1987 GTE Retro TV Commercial Ad	31.0
FoTE1jj956o	1987 KFC "Chicken Littles" Retro TV Commercial Ad	31.0
G0EWwPZJ9lU	Vintage Garfield "Oh What a Beautiful Mornin'" Music Box Demo	31.0
G2lXWws0_hc	Vintage Bugs Bunny talking pull string toy Hong Kong 1976	63.0
G3glpXIp4T8	Troemner 190B Vintage Laboratory Balance Scale Demo	137.0
G6RpYzO6mUU	Will This 1930s Mickey Mouse Radio Still Work?	191.0
GAxAw1aYAUM	1987 Howard Johnsons Hotel Retro TV Commercial Ad	15.0
GCxB1NTY4pc	1987 Suave Shampoo and Conditioner Retro TV Commercial Ad	33.0
GDWh6efu_SU	RC 10 RC Car demo video #2	231.0
GDhleSmadCc	1987 Remington Ultimate Micro Screen Electric Razor Retro TV Commercial Ad	16.0
GHr_ggAv0xw	How to build an Arduino Lite Brite Clock - The colon	755.0
GKs8zjNNVbU	1987 Dupont Stainmaster Carpet Retro TV Commercial Ad	30.0
GQ_dL86GLQg	No Limit Holdem - 4 table micro stakes at Poker Stars 4/5	663.0
GSyxBGkpDK4	How to remove permanent marker and clean the contacts on old NES games	367.0
GWWQMhF3SWs	Mafia 2 Jimmy's Vendetta - 8. Hank Fuel Truck Theft HD	200.0
GbNuL4y-2eU	Speak and Spell demo	145.0
Gm4qR_bEDOU	Nikon Coolpix S01 Demo w/ video and photo samples	415.0
GxFvhcnWnyw	No Limit Holdem - 4 table micro stakes at Poker Stars 2/5	703.0
H-QNB8L_59U	1997 Pontiac Trans Sport Minivan Retro TV Commercial Ad	31.0
HFEeAYunvtg	Sony dock w/ lightning connector	113.0
HGTmLQnnwaE	1972 Fisher Price Little People Merry Go Round Demo	298.0
HI5uwINvqFc	1987 Campbells Soup Retro TV Commercial Ad	32.0
HK4KV8NsIG0	Onkyo DX-C390 6 Disc CD changer demo	136.0
HMlyDDYiyBk	Igloo ICE102 Ice Maker - Real Time Demo of Icemaker	665.0
HNIGAWB9du0	1987 Chevy S-10 Maxi-Cab Retro TV Commercial	31.0
HPLehaPq3HI	TRS-80 Model 100 Portable Computer Demo for EBAY	236.0
HeJeIZEfSa8	Andre Stringer, debut game at LSU, 4 DEEP 3's	53.0
Hhb-ZwCtte8	Radio Shack Off-Road Tiger Vintage RC Frame Buggy Demo	113.0
Hm8diSsAQoc	1987 Thunderbird Turbo Coupe Retro TV Commercial Ad	30.0
HtWM3VcQLrM	Philco antique shortwave radio demo - ebay auction	226.0
HyGDeX_62Ro	Microbot Teachmover robotic arm - programming and operating	833.0
I-1E3kzioqM	1988 Chevy Truck Retro TV Commercial Ad	31.0
I2ms9kRN9TU	How to set punch and dial time on Lathem Mechanical Time Clock	240.0
I7r1cDLv1zc	Tamiya ball caster (RB-Tam-11) assembly	131.0
I7z80mMIhso	Disney Parks Avatar Banshee Yellow Animated Shoulder Mount Dragon Puppet demo	119.0
IA-1T3gSo2k	Denham Springs Spring Fest 2012 - Molly's fairy photo shoot	125.0
IBdNqhY83H4	1988 "Be All You Can Be" U S Army Retro TV Commercial Ad	31.0
IBkrWhmNZUM	Sony DCR-PC105 MiniDV Handycam CamCorder Demo	289.0
INI9AAGFEAA	Scorbot ER III	148.0
IOy09J4mX-4	Huge LEGO Minifigure Lot Walkthrough - Vintage Mini Fig Collection	117.0
IZqIoQ4qleY	Joe's Adventures - Mafia 2 DLC - 30. Hit Contract HD	100.0
IbaqAAYXGPk	.05/.10 NLHE #4	786.0
Ie2_htOCxtk	2014 SDCC Exclusive Super7 Alien Egg Chamber Playset - Black Box Edition	85.0
Ihil2YmFf8A	1987 Lee Michaels Jewelry Store Baton Rouge Retro TV Commercial Ad	11.0
IiS7JnzrFG4	Conquest_Water_Slide.wmv	33.0
Iiy-T74n3IU	1988 Pop Secret Microwave Popcorn Retro TV Commercial Ad	16.0
IsEzvo61ODE	1987 Audubon Ford Baton Rouge Red Mustang Convertible Retro TV Commercial Ad	30.0
Iy0Mw6jn-dA	Team Associated RC10 Vintage RC Car - More Run Footage & Detail Look	231.0
J-uKgYINh70	Dewalt work site radio charger DC011 demo	150.0
J209od-7Cxc	Adafruit GFX Library for Arduino — Draw Graphics on OLED + LCD Displays (SSD1306, Nokia 5110)	986.0
J2yTROb_QEw	Joe's Adventures Mafia 2 PC Game DLC 32 Greaseballs' Arena	408.0
JO0W-7Bv0O8	Mafia 2 - Fight and Kill scenes - Boom Boom Pow	720.0
JVJmyVBnbjg	Stone Guardian - Geocache - GC2QTVD - *SPOILER* - Petit Jean State Park, Arkansas	99.0
Jj2KOFw12Kc	How to connect multiple LCD displays to one Arduino	251.0
Jp-IlpC4UCQ	FelizNavidad	174.0
JueIJwmdSy0	1987 Budweiser Bud Light Space Age Retro TV Commercial	31.0
KEVrx2XxWXY	1987 The Atlantic Financial Retro TV Commercial Ad	31.0
KGq0pLmfQPQ	1987 Dailys Cocktail Mix Retro TV Commercial Ad	31.0
KLJZWQngg80	Digital Photography Without Memory Cards - Sony Floppy Disk Camera demo	228.0
KNt7JF_3veQ	1987 KFC Pink VW Beatle Retro TV Commercial Ad	31.0
KVq9FPZn4NI	How to Build a Programmable LED Jack-o-Lantern with the TI MSP-430 Launchpad + Energia IDE	1450.0
KYGK29j89dw	$15 Amazon Robot Chassis for Arduino	743.0
K_7Xxq4B2rg	TI Launchpad MSP430 installed directly on breadboard - Hello World	449.0
Kf9hLHPHz68	1987 Cringey Sharp Peeping Tom Retro TV Commercial Ad	31.0
KgqMOPErWjk	How do I use a Real Time Clock with Arduino? RTC 1307	629.0
KidBQaoNjPY	How to build an Arduino Lite Brite Clock - Testing and Frying LEDs	193.0
Kus2liJqhcE	#2 - Arduino Blink Sketch - Elegoo Starter Kit	303.0
L-fHnu90cR4	Brother AX 450 Electronic Typewriter Demo	150.0
L8wtfalQVRI	Jumpman Jr Junior - Commodore 64 C64 Longplay	606.0
LOBl0k_R7ZA	1987 Cadillac Style Retro TV Commercial Ad	17.0
L_eFFGPsCLo	1987 Louisiana Savings Bank Retro TV Commercial Ad	31.0
LfZnRHbjWmA	1987 "Not a fiber optic light a Bud Light" Retro TV Commercial Ad	16.0
LjeHJijTnA4	1987 Casio DP-1 Drum Pads Retro TV Commercial Ad	30.0
LrCpsCTQYQY	1987 Rolaids MLB Davey Johnson Retro TV Commercial Ad	15.0
LyBdAmMdqZs	1987 Loreal Preference Cybill Shepherd Retro TV Commercial Ad	30.0
M6Wu9C77nlQ	1987 Neese Chevrolet Baton Rouge Retro TV Commercial Ad	31.0
M9XBFomX7JI	How to Use a Nokia 5110 LCD with Arduino — $3 84x48 Display + Clock Demo	1689.0
MBJpMGrUeHU	1987 "Not a Grow Light, a BUD Light" Retro TV Commercial Ad	31.0
MFlw1KpV0vY	Epson Perfection V19 Scanner Comic Book Scan Speed Test and Review	211.0
MGILQphBFuA	Brother GX-6750 Electronic Typewriter Demo	136.0
MGXKmsrtAKo	Brother QL-710W Wireless Thermal Label Printer — Wi-Fi Setup + Print Demo	97.0
MHME6ELWCRM	Sideshow Collectibles Premium Format Modern Age Batman 1 4 scale	170.0
MIYdhgrvGxE	Stout's Point - Geocache- GCTY8T - *SPOILER* Petit Jean State Park, Arkansas	28.0
MLtX4e21o5I	Joe's Adventures Mafia 2 PC Game DLC 25 Charlie's Car HD	446.0
MMdO7feQACE	1987 The Backpacker Baton Rouge Retro TV Commercial Ad	31.0
MOrax5LezQU	Petit Jean State Park ParkCache GC1D45K *SPOILER* - Petit Jean State Park, Arkansas	78.0
MZEbt5t0Lm4	Very rainy day at EPCOT	51.0
McNkK1TIxW8	American Sign Museum - Cincinnati	217.0
Mk0qxtEu5qE	Mafia 2 Jimmy's Vendetta 12. Shubert Beverly Theft	188.0
Mt3J9HCa34A	How to Wire a DPDT Power Switch to an Arduino Robot (One Switch for Arduino + Motor Battery)	3078.0
Mvrv-wYTo2g	8 tabling .01/.02 NL at PokerStars 3/4	841.0
MyXho94wq9c	Joe's Adventures Mafia 2 PC Game DLC - 2. The Witness HD	426.0
MzEaWFCvSkA	Joe's Adventures - Mafia 2 PC Game DLC - 31. In the Shadows HD	401.0
N2Zc_FTrUn8	How to Use a DS3231 Real Time Clock with Arduino — I2C RTC + LCD Display Tutorial	1365.0
NASbN6c69vA	Arduino Lite Brite Clock Build — Wiring the Perfboard (100Ω Anode Resistors + 12 Connections)	1847.0
NB8Mv2kbkUA	1987 Maybelline Long Wearing Nail Plush Retro TV Commercial Ad	31.0
NIp6GBS81zQ	1987 Pontiac "We Build Excitement" Retro TV Commercial Ad	46.0
NNWKX-Qo64w	Marantz 2220B Stereo Demo	145.0
NQZ51VmJYCM	Wireless scanner scans to your cell phone - Brother ADS-1000W	150.0
NWpF2KLJwBY	1987 7-UP "Feels so good comin down" Retro TV Commercial Ad	31.0
NaEICMKAXIs	Free MSP-430 MCU samples from Texas Instruments - unboxing	273.0
Ng_y3xGRNSA	I asked Elon's "PHD-Level" Grok 4 a simple question. How did it do?	295.0
NxW6SaybVkQ	1987 Avis Rent A Car "Red Hot" Retro TV Commercial Ad	61.0
O-GB_H9FUYA	Marx Electric Train Set #4040 Vintage Demo	123.0
O0RN83Ev9Dc	1988 Chevy Corsica Retro TV Commercial Ad	30.0
O0mmPCMjR3I	1987 Jeep Cherokee Retro TV Commercial Ad	31.0
OFSk_TZUoow	How to easily cut electrical outlet holes in drywall using Blind Mark XT and a RotoZip-a review	293.0
OGlafQFzo_Y	Century Wings SR-71 Blackbird 1/72 Scale Diecast Model Aircraft Demo	230.0
OOGGtfQYBgs	1988 Astronaut Scott Carpenter Oldsmobile Cutlass Supreme Retro TV Commercial Ad	27.0
OPlfCRaiOPw	Oreo Cookie Photo Shoot - strobist setup	153.0
OUTTf8Y8aHo	1987 Just My Size Pantyhose Retro TV Commercial Ad	16.0
OY5FPT5I9Og	Rescue on Fractalus - Commodore 64	681.0
OYkhv-YcGok	Mafia 2 Jimmy's Vendetta - 7. Calling Card HD	399.0
OaCT-vHgbug	1987 Transamerica Retro TV Commercial Ad	31.0
OaUOli8nwfM	1987 Tylenol Retro TV Commercial Ad	15.0
OdoDnBaf34Y	Sunny Farms in Baton Rouge - Molly's 3rd birthday party	286.0
P4-o8RDM5Hc	American Airlines 1987 Retro TV Commercial	31.0
P8IHxDR7jLs	Joe's Adventures - Mafia 2 PC Game DLC -Bug #1 - Car Door HD	34.0
PEFvI89gEE0	100 Years of Girl Scouting GSUSA - Scouts exchange swaps at EPCOT	220.0
PKqVSY_mj_M	.05/.10 NLHE #3	703.0
POY5wxw4aBc	Mafia 2 Jimmy's Vendetta - 5. Smith Coupe Theft HD	144.0
PPLA3dU0DGY	1987 Signal Mouth Wash Retro TV Commercial Ad	31.0
PXmtu9Uc3jE	1987 LSU Bill Arnsparger Retro TV Commercial Ad	31.0
PiALisDpqpg	1987 Celebrations Costume Party Store Baton Rouge Retro TV Commercial Ad	31.0
Pkp9iyCENqM	1987 Met Life Peanuts Ice Skating Retro TV Commercial Ad	31.0
PqizluSWPj4	French Stamp Album - "Album de Timbres Poste"	308.0
Q-2sJIGyUKc	Yaz Situation 1982 12" 45 Maxi Single Vinyl	89.0
Q0lOsKZ8opo	Star Trek Romulan Bird of Prey Neutral Zone Incursion Craft by Playmates 1997 demo	25.0
Q1fumb6L2PM	1987 Acura Legend Sedan Retro TV Commercial Ad	31.0
Q87UTdVvKd0	1987 Liquid Plumr Retro TV Commercial Ad	11.0
QHmpOJ10ggQ	This 1970s Marantz 2220B Sings Again (Pots Cleaned)	145.0
QRSknBbhHIY	Arduino Due Getting Started — Unboxing, Windows Driver Install + PWM Blink Circuit	1395.0
QRlVQWmIGgM	1602 16x2 LCD Wiring Tutorial: Arduino Uno, MSP430 & Standalone Setup	4063.0
QfYLrlHGVGY	1988 William Shatner Oldsmobile Cutlass Supreme Retro TV Commercial Ad	31.0
Ql45C37qaWY	1987 Gillette Atra Plus Razor Retro TV Commercial Ad	16.0
QoiUB_cQEGE	How to use Nintendo Switch Pro Controller with Mac or PC	112.0
R6K2huEahW0	1987 Blue Cross Blue Shield of Louisiana Retro TV Commercial Ad	30.0
RCYN8pYF9R4	1987 Odd Budweiser & US Military Retro TV Commercial Collaboration	31.0
RS9DYWf3l7M	1987 State Times Morning Advocate Baton Rouge Newspaper Retro TV Commercial Ad	32.0
RTRwq7HcLss	1987 Las Vegas Tourism Retro TV Commercial Ad	15.0
RVIaJ6Fl_T4	1988 Chuck Yaeger AC Delco Air Oil Filters Retro TV Commercial Ad	30.0
RVt5OeH8yio	Oddly satisfying Rainbow E2 Vacuum Cleaner Demo Video	53.0
RWXpyLZ8bWk	1987 Tempstar Retro TV Commercial Ad - E.T. Ripoff	30.0
RdaVzzZEHGs	Vintage 1980s Schaper Stomper 4X4 Jeep Renegade Light Blue	147.0
Rf64eaI4_dM	1987 Super Glue Quick Gel Retro TV Commercial Ad	30.0
Rgn_41m6xFQ	Vintage 1981 Lite-Brite Demo - Hasbro Light-Up Peg Toy Classic	187.0
RoQBkifh4wU	US Armed Forces 1987 Retro TV Commercial	31.0
RsqixoLSlr4	Joe's Adventures - Mafia 2 PC Game DLC - 3. The Witness HD	149.0
RtlAvRVqoEY	1987 Pillsbury Microwave Retro TV Commercial Ad	31.0
Ru2S_hD72-E	I Hideth my Cache in the Cleft of the Rock - geocache- GCV9J6 - *SPOILER*	36.0
RvqxhxQncIM	Vintage Thomas the Tank Engine Toy Demo - Thomas & Friends Classic	85.0
S5U7jzCgzhQ	1987 Yashica 230-AF SLR Camera Retro TV Commercial Ad	31.0
SH_TYKkxv_E	EST HYLA Vacuum Cleaner Demo for EBAY	228.0
SHixtSumWxk	Magic Kingdom Rope Drop Opening Ceremony	355.0
SI6PSvbfRR8	1988 Cellular One Retro TV Commercial Ad	31.0
SIvrHVKOVZg	1987 Ochsner Health Retro TV Commercial Ad	31.0
SNV_c2XnL2k	How Much Electricity Does a 3D Printer Use?	930.0
ShUIjVXg9Jw	1987 Valvoline Oil "Fourgard" Retro TV Commercial	45.0
ShZQNGtrPEQ	#3 LED's and Resistance - Elegoo Arduino Lesson	371.0
Snq1Y7V5uk8	Radio Shack Off Road Tiger RC Frame Buggy	113.0
SzWVlmhHYQE	1988 Gary Bettenhausen Oldsmobile Cutlass Supreme Retro TV Commercial Ad	31.0
T-85R_Dkwmg	Vintage Tonka GoBots Quick Step Transforming Robot Demo	87.0
T2Dmp-ae-cI	Arduino Lite Brite Clock Build — Connecting the Arduino to the LED Matrix	1298.0
T3V3mn9ey4g	1987 Ford Escort GT Retro TV Commercial Ad	30.0
T50QFlXVYlI	Box Resize to Fit USPS Priority Flat Rate Envelope Shipping Hack	68.0
TBHPxXn2lJ4	Messenger's Christmas lights display Denham Springs Louisiana	100.0
TOAoAIQ5Lio	1997 Mountain Dew Retro TV Commercial Ad	32.0
TRe0WSiqj6A	Marquette - LSU basketball game halftime contest	233.0
TbBuzYOGzTk	Petit Jean Cemetery - Geocache - *SPOILER* - Petit Jean State Park, Arkansas	123.0
TdEiB6QL3Ao	1987 Michelob Light "You Can Have It All" Retro TV Commercial Ad	31.0
TdjLGekiYBA	Watch a Rainbow E2 Eat Some Spilled Cheez-Its	53.0
Tg-i-uZ74xg	How to replace battery in Pokemon Sapphire, Game Boy Advance	838.0
TrhbZGfqgX8	1987 Skittles "Taste the Rainbow" Retro TV Commercial Ad	31.0
Ty1Lg52XvME	Mafia 2 Jimmy's Vendetta - 1. Intro cutscene HD	100.0
U-bQ-5kEP4k	1987 New Generation Labor Day Sale Baton Rouge Retro TV Commercial Ad	31.0
U2eCsqn56o8	Wizard of Oz Musical Snow Globe Demo - "We're Off to See the Wizard"	49.0
U3IWuwlS98Y	1987 Nuprin Retro TV Commercial Ad	31.0
U9cQ9TtZI4I	Tandy Model TRS-80 102 Portable Computer - early laptop 1987	210.0
UELLTBkp5Yo	Trevor Hudlin	269.0
UI5_wCahpvQ	1987 Dexatrim Retro TV Commercial Ad	17.0
ULBMgTUB73s	1987 EconoLodge Retro TV Commercial Ad	31.0
URGjWwuNToE	How to Mount 4 HC-SR04 Ultrasonic Sensors + Serial LCD to an Arduino Robot Chassis (Two-Story Build)	1557.0
USz-MsSh5eU	2005 Batman Dark Knight Electronic Tumbler Batmobile vehicle demo	40.0
UW6Ni8XM2s0	1987 InterLink Communications of Louisiana Retro TV Commercial Ad	31.0
UW6QnM-Eezo	Smith Corona Corsair Vintage Typewriter Demo Vintage Mid-Century	115.0
Ub0W-2jDERc	Davo US stamp album 2012-2016 Ebay	101.0
UcgeHIOQ5Xo	Joe's Adventures - Mafia 2 PC Game DLC - 23. GunRunning HD	422.0
UiiJRo7evkM	1987 Rayovac Workhorse Flashlight Retro TV Commercial Ad	31.0
UiyOTBGn4_U	How to Arduino #2 — Use a 1602 Character LCD Display (HD44780 Wiring + LiquidCrystal Library)	1000.0
UtvZY1mZXTs	Sony CCD-TRV 138 8mm Hi-8 Handycam Camcorder Demo Video (with Nightshot Mode) How to use	301.0
VQs_9Inf9mU	1987 Iberville Motors Retro TV Commercial Ad	32.0
VS3v4T7TNPE	Sainsmart LCD keypad Arduino shield review	299.0
VTvfKgl35_M	1987 NAPA Auto Parts Retro TV Commercial Ad	31.0
VddALkfz9h8	1987 Nevada Bob's Golf Store Retro TV Commercial Baton Rouge, Louisiana	31.0
VePnIUjqF24	Marantz PMD201 Professional Portable Cassette Recorder Demo	285.0
VsgYkGfA6as	1988 Stanley Tools Retro TV Commercial Ad	31.0
VtidOT8X17o	1987 Superior Ford Zachary Louisiana Retro TV Commercial Ad	31.0
W14pd12vgrU	1987 Owens Corning Insulation Pink Panther Retro TV Commercial Ad	16.0
W1PLy2_3_ZM	1987 Weight Watchers Lynn Redgrave Retro TV Commercial Ad	16.0
W6RhaSBwHWY	Brookstone Tranquil Moments 12-Sound Sleep Sonic Therapy Machine Demo	134.0
W7iVQWGMDY4	1997 Pennzoil Retro TV Commercial Ad	30.0
WCS4u9hwK6w	Joe's Adventures - Mafia 2 PC Game DLC - 34. Cathouse, pt. 1 HD	698.0
WChMGWnC2tQ	Atari 7800 Flashback Review — Playing Adventure (Levels 1 and 2, Plus a Possible Maze Bug)	1188.0
WKfyRsyODDk	Seiko Melodies in Motion Clock demo	78.0
WQ6_Atbmcds	1987 Mastercard "Choose to Make a Difference" Retro TV Commercial Ad	61.0
Wk5HO-ebTAE	1987 Kitty Litter brand Cat Litter Retro TV Commercial Ad	31.0
WkOiADWUq6o	1987 McDonalds Salad Retro TV Commercial Ad	31.0
WwtLu0bHoS4	Mafia 2 Definitive Edition Joe's Adventures Gameplay — DLC Walkthrough Part 1	1862.0
WxYNqKrFWaA	1988 Wells Lamont Gloves Retro TV Commercial Ad	31.0
XBX8spYGDXQ	Gillette Foamy Shave Cream 1987 3 Stooges Retro TV Commercial	16.0
XCJ8LmHGpJo	1987 Turtle Wax Scratch Guard Retro TV Commercial Ad	30.0
XH7Pdmastwo	1987 Budweiser Racing Retro TV Commercial Ad	31.0
XWF5hueFrbw	1987 Allstate "The Good Hands People" Retro TV Commercial Ad	31.0
XfMaRVQevjA	1987 GMAC Leasing Retro TV Commercial	31.0
Xx4mIrK5pE0	Anycubic Mega SE 3D Printer — Unboxing, Assembly + First Prints ($169 Mega Zero 2.0)	1562.0
XztyLNVBCLk	Intellivision 2 Demo Video	385.0
Y-WD8ZHSuPs	Mafia 2 Jimmy's Vendetta - 9. The Mick HD	235.0
Y1WpBN4oGY4	Milky water from Mount Nebo turns clear	48.0
YAaP6VvX00g	1987 New York Life Retro TV Commercial Ad	46.0
YF8Kwqmx_9M	1987 John Madden Canon T70 Camera Retro TV Commercial	31.0
YHCAIebrQgM	Mafia 2 Jimmy's Vendetta - 2 Prison Break HD	172.0
YHNeLmUJTlQ	How to use a 16x2 LCD Display with Arduino (Parallel interface version)	781.0
YKvPRLYotsM	Classic Car Imports 1987 Retro TV Commercial Baton Rouge Louisiana	31.0
YLFKdGAbaPQ	Joe's Adventures - Mafia 2 PC Game DLC - 33. Highway Racing HD	432.0
YM21_9M5Vc0	How to ship sports cards on EBAY with EBAY STANDARD ENVELOPE	142.0
YOf32PWByS4	How to build an Arduino Lite Brite Clock - how to multiplex LED's	702.0
YOvUfwFuIrQ	1987 Rehabcare Center Baton Rouge Retro TV Commercial Ad	10.0
YSPD4DL6UiY	Nintendo NES Action Set BOX AND FOAM ONLY (Grey Zapper)	165.0
YYp436R05Y4	Hot Air Balloon Festival In Baton Rouge, September 2013	87.0
Yc6aZXEeafo	Vintage 386SX KLH 2800 laptop notebook computer demo	256.0
YdE5dvixwe4	Joe's Adventures - Mafia 2 PC Game DLC - 22. Send a Message HD.wmv	403.0
Yes1Hw18nYg	Joe's Adventure - Mafia 2 PC Game - DLC - 6. The Witness HD	297.0
YfpCp88LvjI	1997 USPS Stamps United Postal Service Retro TV Commercial Ad	30.0
YhSC7h6ZnAo	1987 Volvo "A Car You Can Believe In" Retro TV Commercial Ad	31.0
YjIqkj6V0K8	1987 Coleman Oldsmobile Baton Rouge Retro TV Commercial Ad	31.0
Yzntg-NPpGU	1987 Corning Visions Cook ware Retro TV Commercial Ad	16.0
Z0xFJvL0p98	How I Accidentally Made Thousands of Dollars on YouTube — eBay Demo Videos as Evergreen Earners	1093.0
Z1mjPtOTHY4	Vintage Tandy Radio Shack Alien Chase Video Arcade Game Tabletop	111.0
ZCu4ISj_u3Q	Harmony Barbershop in Magic Kingdom - First Haircut	185.0
ZKC0fgAPbK0	#1 - Elegoo Arduino Uno Starter Kit - Installing IDE	471.0
ZUL8jySipJA	Motorola Droid X2 Glass and Digitizer Replacement — Part 2: Putting It Back Together	1049.0
ZUfaYwrGWmU	1987 American Trucking Association Retro TV Commercial	30.0
Ze2jN13KRxo	Heathkit ebay video	151.0
ZlI6dKo-hq0	Sand sculpture for Disney movie Brave	89.0
Zt2grsmchmg	Make the Switch to TI MCUs - free schwag from Texas Instruments	71.0
_13Fk3NeAV0	Volvo 760 Station Wagon 1987 Retro TV Commercial	31.0
_9oYLUFlvy8	Lot of 204 New Orleans Mardi Gras 1970's vintage photograph 8x10 lot	369.0
_BQVN0gohjY	Will This 80s Panasonic RX-4920 Boombox Still Play?	225.0
_Bcgw271ThQ	1960s Deluxe Reading Tiger Cannon with Exploding Walls Toy Demo	70.0
_HbYwOmf308	What Is an Arduino? Beginner's Intro Plus 13 Cool Arduino Projects You Can Build	1249.0
_HsJcCb3DoE	How to build an Arduino Lite Brite Clock - Wiring the LEDs	843.0
_QQDUt9qSE4	1987 Louis Rich Turkey Lunchmeat Retro TV Commercial Ad	31.0
_XmURjEHzhg	Joe's Adventures - Mafia PC Game - DLC - 5. The Witness HD	283.0
_XxNy7uhhMc	Electronic Quarterback - Coleco handheld football game 1978	442.0
_r-pasZAMiE	Time Life Library of Art Complete 28-Book Collection Walkthrough	585.0
_vvbjGnnETM	RARE West German Hermes Rocket Portable Typewriter Demo	183.0
_zsIboCRvOM	LEGO Chrome Star Wars Stormtrooper Rare Minifigure Close-Up	31.0
a9SFjbQ2XXM	Jimmy's Vendetta - Mafia 2 PC Game DLC - 20. Jefferson Provincial Theft HD.wmv	208.0
aBHRO4y4DpA	1987 Heil Air Conditioning Retro TV Commercial Ad	30.0
aBv5wTv54KY	1987 Kemper Financial Retro TV Commercial	31.0
aILiQ7CY7zI	Disney Parks Banshee - Pandora Avatar Shoulder Animated Toy Demo	60.0
aIyZvwsnSDw	How to build an Arduino robot - test code and test run	698.0
aPa5CFhlYO4	Demo of the Radio Shack Tandy TRS-80 Model 100 Portable Computer - 1983 vintage	642.0
aYaZr8mpC4I	Vintage Garfield "Anchors Aweigh" Music Box Demo - Sailor Garfield	37.0
acD37KhZamk	1997 Canon EOS Rebel G Andre Agassi Retro TV Commercial Ad	31.0
aeWU7zxehYE	Mr. Christmas Gold Label Symphony Surprise Angel Orchestra Animated Clock demo	208.0
afO4N_KEKJo	1987 Q-Tips Cotton Swabs Retro TV Commercial Ad	16.0
agucjbIdBbI	Is the C64 Mini a good replacement for the real Commodore 64?	744.0
ajypou8Kxvc	1987 Maxwell House Master Blend Retro TV Commercial Ad	33.0
ak-rXmwaajM	1987 The Real Yellow Pages Retro TV Commercial Ad	31.0
akhUzdCvZts	AQ offsuit, stack a guy first hand at the table.wmv	87.0
amEr8LYXI_o	Pocahontas Musical Figure Demo - Plays "Colors of the Wind"	29.0
apIHzwVmaNc	1987 Castrol GTX "Engineered for Today's Smaller Cars" Retro TV Commercial Ad	29.0
atKO7b-iWfw	No Limit Holdem - 4 table micro stakes at Poker Stars 1/5	609.0
b2JRUl4KFPw	Winnie the Pooh Ride - Magic Kingdom	149.0
b2ftWSAkzMc	Magical Murphy Motorized Rolling Gorilla Toy 1987 Vintage	83.0
b4YIsKoTJX0	1987 Dr Gavin Chiropractic Clinic Baton Rouge Retro TV Commercial Ad	31.0
b8J1bkZ1qZI	1987 Riunite Royal Raspberry Retro TV Commercial Ad	16.0
bMR_eruYcyY	Dr. J and Larry Bird Go One on One (Basketball) Commodore 64 C64 Longplay	329.0
bXX7Ivp_-oo	1987 South Central Bell Long Distance Retro TV Commercial Ad	30.0
bZvwVuCtpNc	The Color Maximite 2 BASIC computer	561.0
bZy3gmMTk04	Sideshow Premium Format 1/4 Scale Batman Statue Walkaround	174.0
bmwnppmdFwY	Arduino random flasher project	31.0
bw6E5XVeyCY	1987 Fancy Feast Cat Food Retro TV Commercial Ad	16.0
c17Z1H63f6Q	1987 AT&T Long Distance Retro TV Commercial	30.0
c27GgL06xmw	How to replace screen on an HP Envy dv6 laptop	937.0
c85VqRTl2hQ	Harnett T. Kane Vintage Book Collection - all 1st editions, several signed	379.0
cIClfKTRTrk	Joe's Adventures - Mafia 2 PC Game DLC - 35. Cathouse, pt. 2 HD	517.0
cItNXffOOTw	TI-99/4A AV Cable DIY — Build a 5-Pin DIN to Composite Video Adapter (Skip the RF Modulator)	1014.0
cKmAF6zSS2c	1987 Calgon "Lose Yourself in Luxury" Retro TV Commercial Ad	16.0
cRT30rmCX7E	1987 Jeep Cherokee "Reborn" Retro TV Commercial Ad	31.0
cVlCn3ElNY4	Arduino Uno Mini Limited Edition unboxing	119.0
cZt55W1tnKA	2001 GIJOE USS Saratoga Motorized Aircraft Carrier Demo	205.0
cahhbIKFQQk	The Knot Tree - geocache - GC1PE05 - *SPOILER* - Petite Jean State Park	26.0
ce6bUiTJz1w	Jimmy's Vendetta - Mafia 2 PC Game DLC - 15. GAI 353 Military Truck Theft HD.wmv	202.0
cfvpIxDvPZw	Smith Corona SL 575 Electronic Typewriter demo / how to use	285.0
cnOKG0fvZ4w	How to Hack a TowerPro MG995 Servo for 360° Continuous Rotation (Arduino-Compatible Gear Motor)	1766.0
csLgo5uUqjA	1987 The Night Belongs to Michelob Retro TV Commercial Ad	31.0
cwcLO6KByiU	Petit Jean State Park cabin #17	31.0
d-akaLUN_-8	ClusterBot, the arduino robot. First run.	134.0
dBPVEJ_ttHA	1987 Marcy Weight Bench Retro TV Commercial Ad	31.0
dCT7csknpx8	1987 Diet Dr Pepper Retro TV Commercial Ad	30.0
dFWGsB1R8y8	Banggood Arduino UNO Starter Kit and Arduino L298N Robot Kits Arrive! New Series Upcoming	700.0
dL2YPS96L18	Using the TI Launchpad MSP430 as an in system programmer (ISP)	748.0
dOsjTsq5rho	1987 Eveready Battery "More Power to the USA" Retro TV Commercial Ad	31.0
dS7c3Pwr9yI	Glass Packaging Institute 1987 Retro TV Commercial	31.0
dTvy6rOXJMw	1987 Jeep Cherokee "Only In A Jeep" Retro TV Commercial Ad	31.0
dTxYBCDJqmM	1987 US Armed Forces A Great Place to Start Retro TV Commercial Ad	30.0
dVqv3LvJAJY	How to find out the address of your i2c device using Arduino IDE	529.0
dcfwFk8KYHE	.05/.10 NLHE #1	677.0
dcpF9FZCBhM	1997 Trendmasters Voltron Lion Force Die-Cast Metal 5-Lion Set Demo	312.0
do46hshl7C8	8 tabling .01/.02 NL at PokerStars 4/4	800.0
doIQbwrcg4k	1987 Budweiser Landscapers Retro TV Commercial Ad	32.0
drYpq7qxyYs	How to Use the L298N Motor Driver with Arduino — Wiring + PWM Speed Control with a Potentiometer	958.0
eBqmdo8HLy8	LSU basketball - alumni game January 2009	116.0
eC330Rq3zEw	Finishing the frame of Cluster Bot, an arduino robot	535.0
eEgI58ewSZw	1987 Yugo - The $3990 Car Retro TV Commercial Ad	17.0
eL0a3NrYR_w	Mafia 2 Jimmy's Vendetta - 3. Lost in Transit HD	420.0
eLNl8ugwGD8	1988 McDonald's "Mack the Knife" Retro TV Commercial Ad	27.0
eZv1ckT2dzc	Bluegreen Laurel Crest resort room tour - Pigeon Forge, TN	271.0
eqq8qiI9K9g	1987 Gulf States Utilities Retro TV Commercial Ad	31.0
etWLG0NpmRU	Joe's Adventures-Mafia 2 PC Game DLC-11.Going out of business HD	330.0
f-d4SdfTKII	Nintendo SNES Super Nintendo 3DS XL Demo	193.0
f5NLdYyerAI	1987 Royal Nissan Retro TV Commercial Baton Rouge, Louisiana	31.0
fI704UoEiEU	1988 Levi's Dockers Retro TV Commercial Ad	31.0
fKa5JP8gpJU	Lake Fausse Pointe State Park Camping Trip — Louisiana Atchafalaya Basin Family Vlog	993.0
fN1xHLTZD0M	1972 Fisher-Price Little People Music Box Merry-Go-Round Demo	298.0
fPEt0eh4fFE	Arduino Music Breadboard Keyboard project	716.0
fR8gk9RWZ4E	1987 Castrol Oil GTX Retro TV Commercial	31.0
f_5PpaHGulQ	Joe's Adventures - Mafia 2 PC Game - DLC - 10. Tutorial HD	214.0
fhnuTr_fQlU	Sony CCD-TRV57 Handycam Camcorder Demo - How to Use	315.0
fjHtcusjbsE	Tamiya Twin-Motor Gear Box assembly	626.0
foaRzv9Bhrs	I bought a 5 pound cylindrical ingot of silicon for 5 dollars at a yard sale	190.0
fpO1pD5d35E	Broken Eye Fi Mobi Wi Fi SD Card - Follow Up Review and an apology	508.0
fy--CIBE_oY	1987 Chevrolete Celebrity Eurosport Retro TV Commercial	30.0
g22hzOwaIxo	1987 McDonald's BLT Uncomfortably Sexy Retro TV Commercial Ad	30.0
g6-tss6ivMI	Bose Companion 3 Computer Speaker Demo	159.0
gFl8K5Aci8E	Disney World Family Vacation 2012 — Magic Kingdom, EPCOT + Animal Kingdom Vlog	2237.0
gHUxlUlF7XU	Joe's Adventures - Mafia 2 PC Game DLC - 19. Connection Pt 2 HD	212.0
gSbZrqiMVSo	Cricut Personal Electronic Cutter Demo	94.0
gT7s1rLmEX0	Pleasant Company Samantha Doll with White Body	116.0
gnNqjThYPhs	1987 Mighty Dog Retro TV Commercial Ad	31.0
gpHB_jW_TEc	Windows 7 Speech Recognition tutorial	896.0
gsXX5ghv5O8	Kid Says "That's a Big Wave!" Right Before Getting Wiped Out (Slow-Motion Replay)	60.0
h9Qcax97IGY	PANASONIC DMR-ES35V DVD/VCR RECORDER - HOW TO RECORD A DVD	602.0
hCYYqDnsIQ4	Joe's Adventures - Mafia 2 PC Game - DLC - 9. The Witness HD	160.0
hJ772uChdsg	Cheap DIY Arduino Robot Chassis — Cardboard Box + Tamiya Twin Motor Gearbox + Zip Ties Build	953.0
hQ7-jgfmTb8	The Most Complete Arduino UNO Starter Kit unboxing (Elegoo)	642.0
hSpKxyrBiUc	How to Boil Crawfish - backyard crawfish boil	144.0
hUDwV1mU-Aw	1988 Tempstar AC Retro TV Commercial Ad	31.0
hb1GNDg3eVU	1987 Louisiana National Bank LNB Boat Loan Retro TV Commercial Ad	30.0
hhiv5baHLh0	Legendary Yoda By Spin Master demo	112.0
hi46xQ3NPPQ	Intellivision Game Collection Complete with Boxes, Manuals, Overlays	246.0
hi8sB3Qt_KY	1997 Troy Aikman Brut Cologne Retro TV Commercial Ad	16.0
hnjZgY0kv6o	How to record a CD on the Tascam CD-RW900SL CD-R CD-RW Recorder - How to Use	323.0
hvrMCytKP3g	Will GOPRO FIX THIS GLITCH on the HERO 10?	233.0
hwojLqNdIqM	1987 Nice n Easy Hair Color Retro TV Commercial Ad	31.0
i4v6-vj9P5Q	Vintage front desk bell sound demo	20.0
i7r7rvN95Rg	1987 "Hell Naw I wanted a Bud Light" Retro TV Commercial Ad	31.0
iBCWjGtzK6E	1987 Audi w: Joanne Woodward Retro TV Commercial Ad	31.0
iCCi3sY1V4E	1987 Ramada Inn John Madden Retro TV Commercial Ad	31.0
iKFA7GZbKqY	Sony Handycam HDR-XR500V Full HD 120GB Camcorder Demo for EBAY	191.0
iOran8zx1yQ	i2c communication between an Arduino Uno and an Arduino Mega 2560	911.0
iSR8B6u_01o	1963 Olympia SM-7 Portable Typewriter Demo	366.0
iT24EcaWFm4	Joe's Adventures - Mafia 2 PC Game DLC - 36. End Cutscene HD	108.0
iYMawqwuRcw	2012 Mickey's Toy Machine Hallmark Keepsake Ornament with Magic Light Sound and Motion demo	32.0
i_eDkOSbuEA	New York City Snow Globe by San Francisco Music Box Company Demo	35.0
imlvihAsny4	My Travel Gear for YOUTUBE - GoPro, accessories and more	409.0
isTtcyTW-1c	New York City Snowglobe by San Francisco Music Box Company	35.0
ivvVy6KpTfU	Watch an HC-SR04 Arduino Robot Avoid Objects — ClusterBot Live Demo	186.0
j-APQs7ggJw	How to Fill an Epson Eco Tank Printer	265.0
jG_5lGc8vww	1987 Vasoline Intensive Care Lotion Retro TV Commercial Ad	16.0
jWpbdBdzWog	Joe's Adventures Mafia 2 PC Game DLC 1. Intro Cutscene HD	109.0
jbjYBB26Wbw	.25/.50 Limit Holdem at PokerStars - 4 tables. 4/4	751.0
jeSNeVOx_ls	1987 Polaroid Instant Camera Spectra System Retro TV Commercial Ad	17.0
jsWGvqNl6pU	How to build an Arduino Lite Brite Clock - Breadboard fail	239.0
k0FjBCPDgRc	1987 Magnavox Smothers Brothers Retro TV Commercial Ad	31.0
kAShgz3LWI4	1970s Sony TV-110U — Will It Still Get a Signal?	77.0
kBkEGMbSClo	How to use PWM on the Arduino (2 examples)	809.0
kGQsYc1L40I	What is the real cost of using the EcoPro 2 Disc Resurfacing Machine?	585.0
kPGIdpZkreQ	MeanPC Trailer	38.0
kUKrMWEYFbs	Bachmann Highballer N-Scale Train Set demo	117.0
kVFJV0wyFC8	1987 Rayovac Smart Pack Retro TV Commercial Ad	31.0
kjQO4AJTIVo	1988 Minolta Freedom Cameras Aliens Retro TV Commercial Ad	31.0
l08FbRPudhA	Witchblade Comic Book Snow Globe Demo - Top Cow Promotional Collectible	105.0
l1t00BvOE4o	How to use a servo motor with an arduino	563.0
lFm2vgYNOtE	How to Use Old IDE Ribbon Cables for Arduino Wiring — 17-Pin Routing Hack	2347.0
lJ6LrF8fOvo	Arduino Robot assembly video - Pololu round robot chassis	306.0
lM5IQhhQ_nI	How to Wire an Arduino Nano + TB6612FNG Motor Driver + 2 Motors + Battery Pack (Robot Build)	1240.0
lMtZ6v3q8vU	Disney Parks Avatar Banshee Green Animated Shoulder Mount Dragon Puppet demo	118.0
lV7MiS2mJCk	1987 Cottman Transmission Baton Rouge Retro TV Commercial Ad	31.0
lbR7QfQQkks	Sony CCD-TRV37 Handycam Camcorder Demo	175.0
lcO5rwK5egk	Sideshow Premium Format Modern Age Batman 1/4 Scale Statue Walkaround	170.0
lfq1202KxHY	1987 Qantas Airlines Retro TV Commercial Ad	30.0
lgGJF-LR08s	Lot of MLB Team Sets and more 1989-90	119.0
m3vLJGcsn0Q	Scratched Mario Kart Double Dash GameCube Disc vs. EcoPro 2	122.0
mD-pMs0J0n8	1987 Kellogg's Corn Flakes Retro TV Commercial Ad	31.0
mJ7bCOmvHuU	1987 Exxon SuperFlo Motor Oil John Madden Retro TV Commercial Ad	31.0
mLCTQpsOPXY	1987 Jeep Wrangler Retro TV Commercial Ad	30.0
mUrnUqWEu70	1997 EA Sports Triple Play 98 Retro TV Commercial Ad	16.0
mX2r2ueay58	Silhouette artist on Main Street USA in Magic Kingdom	223.0
meUnqRZ2zXs	1987 Sinutab 2 Retro TV Commercial Ad	16.0
mjrG0hKmtTA	Joe's Adventures - Mafia 2 PC Game DLC - 18. Connection Pt 1 HD	740.0
mtLg-GcfuTo	Cressi Leonardo Dive computer and pressure gauge	74.0
n3ThipF1K8k	Yamaha CR-2020 Vintage Stereo Receiver Demo - 1977 Natural Sound Classic	358.0
n5O4g-qT350	1987 Playtex Limited Lingerie Retro TV Commercial Ad	16.0
n7EILyLqyYs	Remember Mattel Electronic Football? (2000 Reissue)	137.0
nDEYUr8C-Hw	1987 Maxwell House Coffee Retro TV Commercial Ad	31.0
nDbMWEo9eBQ	1987 Budweiser Clydesdales Retro TV Commercial	31.0
nEySekIIxpw	How to use multiple i2c devices on the same bus with the Arduino	620.0
nFuAnm9MRcs	Arduino Lite Brite Clock Build — Soldering the LED Anode Columns (Multiplexed Matrix Build)	2058.0
nT7PVJ8vYos	1987 Sears Diehard Car Battery Retro TV Commercial Ad	15.0
nVBrR6Fz7x4	1987 Pledge Furniture Polish Retro TV Commercial Ad	16.0
nbCsdOiuA1M	Antique Victor Talking Machine Co. Victrola Phonograph Record Player Demo	257.0
nihjBCqUA3E	1987 Coors Light "Black Book" Retro TV Commercial Ad	31.0
nktHeoqXhHU	How to use Digital Write on Arduino - I used ALL the pins	797.0
nvuK3KnvaXo	How to build an Arduino Lite Brite Clock - Closing it up	326.0
o-WyBrGbUV8	Milwaukee M18 Jobsite radio demo	114.0
o0Epbroji4c	Joe's Adventures - Mafia 2 PC game DLC - 14. Smuggler's Luck HD	271.0
o0JZNk34slg	Pirates of the Caribbean POV ride at Magic Kingdom Disney World	438.0
o2Jqf_qj0Es	.25/.50 Limit Holdem at PokerStars - 4 tables. 3/4	799.0
oDvva1gGfm4	1987 Speed Stick "The Wide Stick" Retro TV Commercial Ad	30.0
oJzzFY9FXRE	How to Wire 4 HC-SR04 Ultrasonic Sensors + I2C LCD + Power LED to an Arduino Robot	1744.0
oKHxj8m5Oyo	1987 Jeep Cherokee and Comanche Retro TV Commercial Ad	30.0
oKVy8PKO7ZE	This 1978 Speak & Spell Still Works (Watch It Quiz Me)	145.0
oL5Y-TQHAAw	1987 VW Volkswagen Scirocco 16V Retro TV Commercial Ad	16.0
oUEeKIRc_g0	Independence Day 2011 fireworks	434.0
odvXq0_H6V0	Nabisco Fruit Wheats Cereal	31.0
oeWO4JCH7Cc	1987 Kentucky Fried Chick KFC Retro TV Commercial with Foghorn Leghorn	31.0
ol1KG_p_cVs	Jurassic Park Real FX Baby T-Rex Animatronic Dinosaur Puppet	65.0
osO0j9xIbZY	Joe's Adventures - Mafia 2 PC Game DLC - 27. Can't Stop Me Now HD	257.0
ouMNWQUq_BI	1987 Volvo "The Collector" Retro TV Commercial Ad	31.0
p5kPFNG30a8	1997 NAPA Auto Parts "We Keep America Running" Retro TV Commercial Ad	32.0
p7jwD5Myef0	Jumpman by Epyx Commodore 64 C64 Longplay	781.0
pCUcB0HKifw	1987 United Airlines Cannon Retro TV Commercial Ad	31.0
pUosIAsOkKU	1987 United Airlines "Fly The Friendly Skies" Retro TV Commercial Ad	16.0
pWMI4Vr3yQM	1988 BASF VHS Tapes Retro TV Commercial Ad	31.0
pXyzHN1uUSA	Petit Jean Cache in with the Natural State - geocache - GC14R7Y - *SPOILER*	177.0
p_NcSMcIdJY	1987 Volvo "On Call" Retro TV Commercial	31.0
pdaKLzF6UNI	1987 Lawn Boy Lawnmower Retro TV Commercial Ad	31.0
qBP8_8wFa00	Antique Emerson fan	273.0
qHeF3hOn684	How to Arduino #1 - Installing Arduino and uploading a sketch	771.0
qKkhK2XNGdw	1988 GMAC Retro TV Commercial Ad	27.0
qL_rp1Fsl2g	1987 SAFECO Insurance Retro TV Commercial	31.0
qQuBh0z5IfY	Garfield Anchors Aweigh Music Box Demo	37.0
qRJD51QPF_4	Pick a Pearl in Japan at Epcot	131.0
qXiL55Oiwz4	A bread bakers journey from Louisiana to Germany in World War 2.	629.0
q_YtxAlciW0	Howard Miller Legacy Mantle Clock Demo	196.0
qe_vOjsIxTs	1987 VW Volkswagen Cabriolet Retro TV Commercial Ad	16.0
qgDuHWnDFZI	How to Control a Servo Motor with a Potentiometer	702.0
qlBqVQC2Xgc	1987 Gillette Good News Plus Razor Retro TV Commercial Ad	15.0
qmtS8J_cgC8	1987 Diet Coke TV Commercial With James Bond 007 and fake Brooke Shields	31.0
qrtzeK3xz0Y	Mafia 2 Jimmy's Vendetta - 10. Cigarette Truck Heist HD	623.0
r1RSWzFmycc	How to Clean Up Arduino Robot Wiring + Power Redesign (Breadboard Cable Management Walkthrough)	2161.0
r5wxaOuw3DQ	1987 Timberland Retro TV Commercial Ad	31.0
rB1cFwA1q24	How to Use an I2C LCD Display with Arduino — Library Install + Code Examples (LiquidCrystal_I2C)	1138.0
rE8MlBHJYJs	Sony CDP-C50 5 CD Disc Changer demo	120.0
rFQdLQ1zXB4	1987 Prestone Anti Freeze Retro TV Commercial Ad	30.0
rNTZTdZWomg	8 tabling .01/.02 NL at PokerStars 1/4	750.0
rPMK2_ZOR8A	1987 Tylenol Children's CoTylenol Retro TV Commercial Ad	15.0
rRQaqTXcUjs	1987 Formula 409 Retro TV Commercial Ad	21.0
rY2cQ5VjfmU	1987 Pitney Bowes Postage Meter Retro TV Commercial Ad	16.0
re0lg5Nja48	Joe's Adventures - Mafia 2 PC Game DLC - 17. Saving Marty HD	437.0
rnOfWVv4ePI	1987 Fondren Chevrolet "Caddyshack Style" Retro TV Commercial Ad Baton Rouge	31.0
rp5r4RS9Qkc	1987 Betty Crocker Goldrush Bar Retro TV Commercial Ad	31.0
rq-NdcDT9ok	1987 Valvoline Oil "Send It On Down the Line" Retro TV Commercial Ad	31.0
rw_4vIG0HHw	Cooking at Lake Fausse Point State Park campground	84.0
rxdGdqyF6G8	Joe's Adventures - Mafia 2 PC Game - DLC - 12. Chores HD	359.0
sAI7OhcUo1Y	DeWalt DC011 Jobsite Radio & Battery Charger Demo	150.0
sWdTiinUNS0	Vintage Front Desk Bell Sound Demo - Classic Brass Hotel Service Bell	20.0
scMVqWoqhk0	Sarah Awards 2012	404.0
siIoDgkUPEs	How to measure distance with an Arduino (HC-SR04)	543.0
sveOtJ6XoVE	I finally get this friggin battery pack into my arduino robot	175.0
t1h4fenvjTA	1988 Woodfin Smith Pontiac Isuzu Baton Rouge Retro TV Commercial Ad	31.0
t41KUXzR2x0	1987 Alka Seltzer "Mom's Magic Meatloaf" Retro TV Commercial Ad	30.0
t7ff2H0BZ7k	1987 Master Lock Retro TV Commercial Ad	31.0
tHmOyO8paBk	1987 GENIE Garage Door Opener Retro TV Commercial Ad	31.0
tHqBwFY2z5w	TI MSP430 Launchpad I2C with Arduino Mega 2560 — Multi-Slave Tutorial in Energia + Arduino IDE	954.0
tQBywscTnv8	Wizard of Oz Musical Snow Globe Demo plays “We’re off to see the Wizard”	49.0
tncE2m96UWM	Energizer Battery Robot 1987 Retro TV Commercial	31.0
toRvMkGoQrs	1987 Casio SK-1 Sampling Keyboard Retro TV Commercial Ad	31.0
uF-qnCsjn4Y	1987 Budweiser Beer Horse Jockey Retro TV Commercial Ad	31.0
uN3Z8SYvoq0	Steampunk Hot Air Balloon photo shoot - strobist	682.0
uRUqYm9Y6sA	How to use a KEYPAD with your ARDUINO	492.0
uWAi7rjQGZ0	1987 Almay Eye Color Retro TV Commercial Ad	18.0
uZESA2qwqII	1987 Chevy S-10 Blazer Retro TV Commercial Ad	30.0
u_J5Z9zwamc	Marantz PMD201 Demo	285.0
uah8jEESOPo	1985 Axlon Spybot robot toy demo	106.0
ue1qKeXtiCo	Brother SX-4000 Electronic Typewriter Demo - Does It Still Work?	111.0
uiDYZZx-W-U	Pololu Dual DC Motor Driver for arduino robot - soldering the headers	113.0
uiZTljlV6LM	1987 Jeep Comanche on Alien World Retro TV Commercial Ad	31.0
unXpmEHOY6I	American Girl Bowling Alley Playset — It Lights Up and Keeps Score	34.0
uyMRBxvHNTU	The Lion King 2012 Hallmark Keepsake Ornament "The Circle of Life" Magic Sound Christmas demo	44.0
vBNrSNpXCBc	Vintage Tonka Winnebago Indian RV demo for eBay	150.0
vDS18RAeF80	Enterbay HD Movie Masterpiece 1:4 Scale Heath Ledger Joker Dark Knight Figure	298.0
vM8f4gT-6uM	Bridge View Geocache -GC1D433 *SPOILER* - Petit Jean State Park, Arkansas	43.0
v_nyWQXOks8	Descending Mt Nebo - Mount Nebo State Park, Arkansas	421.0
vjUQ4LdVhH8	1987 The Hartford Insurance Group Retro TV Commercial Ad	31.0
vkaeZsxdU7M	1987 BMW 528e Retro TV Commercial Ad	31.0
vxIJ59XR6r8	#4 - How to use RGB LED with Arduino - Elegoo Kit	426.0
w3r8il1vc7w	1987 Alpo Canned Dog Food Retro TV Commercial Ad	16.0
w5ijlbMXwbA	Milwaukee M18 Jobsite Radio Demo - Cordless Tool Battery Radio Test	114.0
w9JM5KDAsFg	1987 IBM PC Convertible Computer (Early Luggable Laptop) Retro TV Commercial Ad	31.0
w9Ru2k_K-4s	Showing off my new Arduino Nano (Meduino) and soldering the headers	749.0
wHq_Qb0QsNQ	Shawn's Cache	19.0
wO1oipiMW-k	1987 Michelob Beer Wang Chung Retro TV Commercial Ad	19.0
wOwh_wPz74I	Texas Instruments 1987 Anylight Solar Calculator Vampire Retro TV Commercial	31.0
wdWAX3RWapQ	Monster High Frankie Stein and Freaky Fusion Recharge Chamber demo	40.0
wmbLA4byWFE	1987 LouAna Cooking Oil Retro TV Commercial Ad	31.0
wnXcqlD9Gvg	MacBook Pro Late 2008 Tour eBay demo	404.0
wxuGRmdnCpc	How to build an Arduino Lite Brite Clock - Positioning the LEDs	911.0
x9oFzZA6WeY	How to build an Arduino Lite Brite Clock - Diffusing the LEDs	260.0
xHXVufb5AkQ	How to use a Servo with an Arduino and External Power Supply	187.0
xJ9hAAa48Wg	1988 ESPN NFL Primetime Retro TV Commercial Ad	30.0
xKun856q0IQ	HC-SR04 Ultrasonic Sensor with TI Launchpad MSP430 and Energia	865.0
xRRrOd9mH1I	How to build an Arduino Lite Brite Clock - Black paper background	240.0
xVidQ5dP4dY	1987 Haltran Menstrual Cramp Relief Retro TV Commercial Ad	17.0
xWjkuYSQcoI	How to Arduino #4 — analogRead, Potentiometers, and map() to Control a Servo	1224.0
xXFc9G0Ydno	Arduino Potentiometer Tutorial — Build an LED Volume Bar Indicator with analogRead + map()	958.0
xXWKGViVQBc	Testing vintage emergency lightbar	65.0
x_wqpVZDjHI	1987 New Generation Baton Rouge Presidents Day Sale Retro TV Commercial Ad	30.0
xeIM7pZtwU0	.25/.50 Limit Holdem at PokerStars - 4 tables. 1/4	793.0
xeWQZL0wIAs	Vintage Frosty-Aire G-257 Oscillating Fan Demo - Mid-Century Metal Blade	179.0
xjc7-Iw1Y7Q	Vintage 1981 Lite Brite Demo	187.0
xkp8llHlwuo	Joe's Adventures - Mafia 2 PC Game DLC - 20. Old Man's Perils HD	404.0
xvfrozY4NAc	3 Ways to install Arduino libraries into the Arduino IDE 2018	463.0
yAWaj76VDiQ	How to use digital Read and a button with pull-down resistor	902.0
yEDF1e01IdA	1987 Energizer Battery Retro TV Commercial Ad with fake Molly Ringwald	31.0
yKGXN0FRzlg	How Fast is T-Mobile 5G Home Internet? Unboxing and first test	403.0
yMAlDgUiyWo	Eye-Fi Mobi 8GB Wi-Fi SD Card Review + Demo — Canon T3i Wireless Photo Transfer to MacBook Air	1046.0
yXy4mhXXkpY	1987 VW Volkswagen Golf and Jetta Retro TV Commercial Ad	31.0
ybV8vitYAWU	How to Use Servos with Arduino — Wiring + Code (HiTec HS-322HD, TowerPro MG995)	1169.0
yddS_1zkkRk	1987 Denorex Shampoo and Condition Retro TV Commercial Ad	15.0
yjsJbazXv50	Saks fifth avenue Washington, D C snow globe demo	53.0
ymO6Y6T7iU4	Silent Hunter III Random Gameplay — Classic WWII U-Boat Submarine Simulator (2005 Ubisoft PC)	1005.0
ypYQ0o-SSLI	Mid-2000s Bose Companion 3 Computer Speakers — 2.1 Demo with Tap-to-Play Puck	159.0
ytGIVsdK7t4	Pitfall! Commodore 64 gameplay - retro gaming	281.0
z1lIJ-du91E	1987 Budweiser MDA Retro TV Commercial Ad (CRINGE)	31.0
z3K2ZtdUfh4	LSU vs Xavier men's basketball 2009	66.0
zGzcmIkcoOA	Joe's Adventures Mafia 2 PC Game - DLC - 7. The Witness HD	267.0
zHQWjNTYFJM	1987 Casio Keyboard Retro TV Commercial Ad	31.0
zNBp1xN93PA	How to build an Arduino robot - installing breadboard, Arduino, motor driver and battery pack	559.0
z_tIJS9851A	Seiko Collectors Edition Melodies in Motion Wall Clock Demo	135.0
zkZEMa0RUOA	Met Life Flying Snoopy Peanuts Retro TV Commercial Ad	31.0
znifjdYtwOI	Oreck Founder's Series Upright Vacuum Cleaner Demo	62.0
zqhrZWQgZGM	Enterbay HD Movie Masterpiece 1:4 Scale Christian Bale Batman Dark Knight Figure	410.0
zwdR0Alq614	How to Kill a Yellowjacket Nest in Your Yard — The Brick Trick to Find It	261.0
